{
    "T_cam2ee_rotation_matrix": [
        [
            -0.010241020608380058,
            -0.9999474873521147,
            -0.0003795195527165384
        ],
        [
            0.9998571434365683,
            -0.01023499004325057,
            -0.013451308400308042
        ],
        [
            0.013446717657643149,
            -0.0005172204623947125,
            0.9999094550344187
        ]
    ],
    "T_cam2ee_translation_vector_m": [
        79.19664531494301,
        22.52317964621497,
        545.2843567777591
    ],
    "T_cam2ee_transformation_matrix": [
        [
            -0.010241020608380058,
            -0.9999474873521147,
            -0.0003795195527165384,
            79.19664531494301
        ],
        [
            0.9998571434365683,
            -0.01023499004325057,
            -0.013451308400308042,
            22.52317964621497
        ],
        [
            0.013446717657643149,
            -0.0005172204623947125,
            0.9999094550344187,
            545.2843567777591
        ],
        [
            0.0,
            0.0,
            0.0,
            1.0
        ]
    ],
    "mean_reprojection_error_pixels": 5708.9868,
    "num_poses_used_for_calibration": 21,
    "num_poses_used_for_reprojection": 21,
    "marker_length_m": 0.12,
    "hand_eye_method_used": 0
}