{
    "K": [
        [
            2308.3283024936622,
            0.0,
            1192.314766100821
        ],
        [
            0.0,
            2296.6627394461693,
            974.4336061678773
        ],
        [
            0.0,
            0.0,
            1.0
        ]
    ],
    "resolution": [
        2048,
        2448
    ],
    "dist_coeff": [
        [
            -0.05858863675064542,
            -0.05828604340607972,
            0.0008766004476733632,
            -0.0024459346081433246,
            0.2676558490638788
        ]
    ],
    "mean_reprojection_error_pixels": 0.0572
}