{"rotation_matrix": [[-0.01024101936856403, -0.9999474873612171, -0.0003795290256950858], [0.9998571436962933, -0.010234988685618118, -0.01345129012754058], [0.013446699289517097, -0.000517229730309641, 0.9999094552766381]], "translation_vector": [[94.81681232855225], [0.03266046476265938], [63.06449647669603]], "transformation_matrix": [[-0.01024101936856403, -0.9999474873612171, -0.0003795290256950858, 94.81681232855225], [0.9998571436962933, -0.010234988685618118, -0.01345129012754058, 0.03266046476265938], [0.013446699289517097, -0.000517229730309641, 0.9999094552766381, 63.06449647669603], [0.0, 0.0, 0.0, 1.0]]}