{
    "rotation_matrix_cam2ee": [
        [
            -0.01024101936856403,
            -0.9999474873612171,
            -0.0003795290256950858
        ],
        [
            0.9998571436962933,
            -0.010234988685618118,
            -0.01345129012754058
        ],
        [
            0.013446699289517097,
            -0.000517229730309641,
            0.9999094552766381
        ]
    ],
    "translation_vector_cam2ee": [
        94.81681232855225,
        0.03266046476265938,
        63.06449647669603
    ],
    "transformation_matrix_cam2ee": [
        [
            -0.01024101936856403,
            -0.9999474873612171,
            -0.0003795290256950858,
            94.81681232855225
        ],
        [
            0.9998571436962933,
            -0.010234988685618118,
            -0.01345129012754058,
            0.03266046476265938
        ],
        [
            0.013446699289517097,
            -0.000517229730309641,
            0.9999094552766381,
            63.06449647669603
        ],
        [
            0.0,
            0.0,
            0.0,
            1.0
        ]
    ],
    "mean_reprojection_error_pixels": 3437.7419,
    "num_poses_used_for_calibration": 21,
    "num_Y_candidates_for_reprojection": 21,
    "marker_length_used": 120.0,
    "hand_eye_method_used": 0
}