{"rotation_matrix": [[0.006121888001847098, -0.9999675959748882, 0.0052277612317065], [0.9999767654866858, 0.006106100817530824, -0.0030305147404291067], [0.002998495302422577, 0.005246192239047412, 0.9999817430797987]], "translation_vector": [[94.20310546178561], [1.3992449272312717], [63.09640257868333]], "transformation_matrix": [[0.006121888001847098, -0.9999675959748882, 0.0052277612317065, 94.20310546178561], [0.9999767654866858, 0.006106100817530824, -0.0030305147404291067, 1.3992449272312717], [0.002998495302422577, 0.005246192239047412, 0.9999817430797987, 63.09640257868333], [0.0, 0.0, 0.0, 1.0]]}