{
    "K": [
        [
            2323.386848242573,
            0.0,
            1219.9787099101968
        ],
        [
            0.0,
            2319.300451259902,
            966.1111611648221
        ],
        [
            0.0,
            0.0,
            1.0
        ]
    ],
    "resolution": [
        2048,
        2448
    ],
    "dist_coeff": [
        [
            -0.10051598385819055,
            0.2257331308433751,
            -0.0017636416674993481,
            -0.001331034186545212,
            -0.25310356660691813
        ]
    ]
}