{
    "T_object_ee_grasp": [
        [
            -0.6321367827844764,
            -0.6271279775197838,
            -0.4551971415363206,
            261.96034075839816
        ],
        [
            0.0003064098829977692,
            0.5871879785261787,
            -0.8094383262406862,
            158.7758239351606
        ],
        [
            0.7748517480099443,
            -0.511771832642531,
            -0.37096838129366067,
            -170.43805992073158
        ],
        [
            0.0,
            0.0,
            0.0,
            1.0
        ]
    ],
    "T_object_ee_before_grasp": [
        [
            -0.6325339452695591,
            -0.6268289374826953,
            -0.4550572944322958,
            294.52611162620997
        ],
        [
            0.00028969377965166326,
            0.5872641037453697,
            -0.8093831036843189,
            219.10744582077496
        ],
        [
            0.7745276279301754,
            -0.5120507108651459,
            -0.3712602901945672,
            -141.5833909018138
        ],
        [
            0.0,
            0.0,
            0.0,
            1.0
        ]
    ]
}