{"K": [[2279.4956049053167, 0.0, 1237.5636784526007], [0.0, 2274.8516212845893, 936.8596565203013], [0.0, 0.0, 1.0]], "resolution": [2032, 2448]}
